{
    "a": [
        0.10536565229138761,
        0.1449852505868835,
        0.7141556390498938,
        0.9824695286705988,
        0.1592573697971127,
        0.4959584881292204,
        0.1831041824699423,
        0.5629430507486741,
        0.465497754576207,
        0.2748551399915784
    ],
    "b": 0.6513424528259363,
    "start": [
        0,
        7
    ],
    "end": [
        6,
        9
    ]
}
